[{"model": "admin.logentry", "pk": 1, "fields": {"action_time": "2022-05-23T17:54:22.076Z", "user": 1, "content_type": 7, "object_id": "1", "object_repr": "Airpods Wireless Bluetooth Headphones", "action_flag": 1, "change_message": "[{\"added\": {}}]"}}, {"model": "admin.logentry", "pk": 2, "fields": {"action_time": "2022-05-23T19:32:46.337Z", "user": 1, "content_type": 7, "object_id": "1", "object_repr": "Airpods Wireless Bluetooth Headphones", "action_flag": 2, "change_message": "[{\"changed\": {\"fields\": [\"Image\"]}}]"}}, {"model": "admin.logentry", "pk": 3, "fields": {"action_time": "2022-05-23T19:34:19.125Z", "user": 1, "content_type": 7, "object_id": "1", "object_repr": "Airpods Wireless Bluetooth Headphones", "action_flag": 2, "change_message": "[{\"changed\": {\"fields\": [\"Image\"]}}]"}}, {"model": "admin.logentry", "pk": 4, "fields": {"action_time": "2022-06-09T10:22:06.457Z", "user": 1, "content_type": 3, "object_id": "1", "object_repr": "UserProofile", "action_flag": 1, "change_message": "[{\"added\": {}}]"}}, {"model": "admin.logentry", "pk": 5, "fields": {"action_time": "2022-06-09T10:42:40.753Z", "user": 1, "content_type": 4, "object_id": "2", "object_repr": "Jayati", "action_flag": 1, "change_message": "[{\"added\": {}}]"}}, {"model": "admin.logentry", "pk": 6, "fields": {"action_time": "2022-06-09T10:43:52.079Z", "user": 1, "content_type": 4, "object_id": "2", "object_repr": "Jayati", "action_flag": 2, "change_message": "[{\"changed\": {\"fields\": [\"First name\", \"Last name\", \"Email address\", \"Groups\", \"User permissions\"]}}]"}}, {"model": "admin.logentry", "pk": 12, "fields": {"action_time": "2022-06-12T19:50:05.962Z", "user": 7, "content_type": 7, "object_id": "2", "object_repr": "q", "action_flag": 1, "change_message": "[{\"added\": {}}]"}}, {"model": "admin.logentry", "pk": 13, "fields": {"action_time": "2022-06-12T19:50:44.459Z", "user": 7, "content_type": 7, "object_id": "2", "object_repr": "q", "action_flag": 3, "change_message": ""}}, {"model": "admin.logentry", "pk": 14, "fields": {"action_time": "2022-06-13T18:09:03.706Z", "user": 7, "content_type": 8, "object_id": "1", "object_repr": "2.00", "action_flag": 3, "change_message": ""}}, {"model": "admin.logentry", "pk": 15, "fields": {"action_time": "2022-06-20T17:54:27.784Z", "user": 7, "content_type": 7, "object_id": "3", "object_repr": "Sample Name", "action_flag": 3, "change_message": ""}}, {"model": "admin.logentry", "pk": 16, "fields": {"action_time": "2022-06-20T17:54:28.044Z", "user": 7, "content_type": 7, "object_id": "2", "object_repr": "Sample Name", "action_flag": 3, "change_message": ""}}, {"model": "admin.logentry", "pk": 17, "fields": {"action_time": "2022-06-20T18:00:13.371Z", "user": 7, "content_type": 7, "object_id": "4", "object_repr": "iPhone 11 Pro 256GB Memory", "action_flag": 1, "change_message": "[{\"added\": {}}]"}}, {"model": "admin.logentry", "pk": 18, "fields": {"action_time": "2022-06-20T18:02:35.292Z", "user": 7, "content_type": 7, "object_id": "4", "object_repr": "iPhone 11 Pro 256GB Memory", "action_flag": 2, "change_message": "[{\"changed\": {\"fields\": [\"Image\"]}}]"}}, {"model": "admin.logentry", "pk": 19, "fields": {"action_time": "2022-06-20T18:04:27.830Z", "user": 7, "content_type": 7, "object_id": "5", "object_repr": "Cannon EOS 80D DSLR Camera", "action_flag": 1, "change_message": "[{\"added\": {}}]"}}, {"model": "admin.logentry", "pk": 20, "fields": {"action_time": "2022-06-20T18:05:56.230Z", "user": 7, "content_type": 7, "object_id": "6", "object_repr": "Sony Playstation 4 Pro White Version", "action_flag": 1, "change_message": "[{\"added\": {}}]"}}, {"model": "admin.logentry", "pk": 21, "fields": {"action_time": "2022-06-20T18:07:54.123Z", "user": 7, "content_type": 7, "object_id": "7", "object_repr": "Logitech G-Series Gaming Mouse", "action_flag": 1, "change_message": "[{\"added\": {}}]"}}, {"model": "admin.logentry", "pk": 22, "fields": {"action_time": "2022-06-20T18:09:17.026Z", "user": 7, "content_type": 7, "object_id": "8", "object_repr": "Amazon Echo Dot 3rd Generation", "action_flag": 1, "change_message": "[{\"added\": {}}]"}}, {"model": "admin.logentry", "pk": 23, "fields": {"action_time": "2022-06-22T12:44:58.860Z", "user": 7, "content_type": 7, "object_id": "4", "object_repr": "iPhone 11 Pro 256GB Memory", "action_flag": 2, "change_message": "[{\"changed\": {\"fields\": [\"Category\"]}}]"}}, {"model": "admin.logentry", "pk": 24, "fields": {"action_time": "2022-06-22T12:45:21.959Z", "user": 7, "content_type": 7, "object_id": "9", "object_repr": "Redmi Note 7", "action_flag": 2, "change_message": "[{\"changed\": {\"fields\": [\"Category\"]}}]"}}, {"model": "admin.logentry", "pk": 25, "fields": {"action_time": "2022-06-22T12:48:50.146Z", "user": 7, "content_type": 7, "object_id": "8", "object_repr": "Amazon Echo Dot 3rd Generation", "action_flag": 2, "change_message": "[{\"changed\": {\"fields\": [\"Category\"]}}]"}}, {"model": "admin.logentry", "pk": 26, "fields": {"action_time": "2022-06-22T12:49:35.504Z", "user": 7, "content_type": 7, "object_id": "7", "object_repr": "Logitech G-Series Gaming Mouse", "action_flag": 2, "change_message": "[{\"changed\": {\"fields\": [\"Category\"]}}]"}}, {"model": "admin.logentry", "pk": 27, "fields": {"action_time": "2022-06-22T12:49:49.990Z", "user": 7, "content_type": 7, "object_id": "6", "object_repr": "Sony Playstation 4 Pro White Version", "action_flag": 2, "change_message": "[{\"changed\": {\"fields\": [\"Category\"]}}]"}}, {"model": "admin.logentry", "pk": 28, "fields": {"action_time": "2022-06-22T12:50:04.360Z", "user": 7, "content_type": 7, "object_id": "5", "object_repr": "Cannon EOS 80D DSLR Camera", "action_flag": 2, "change_message": "[{\"changed\": {\"fields\": [\"Category\"]}}]"}}, {"model": "admin.logentry", "pk": 29, "fields": {"action_time": "2022-06-22T12:50:49.442Z", "user": 7, "content_type": 7, "object_id": "1", "object_repr": "Airpods Wireless Bluetooth Headphones", "action_flag": 2, "change_message": "[{\"changed\": {\"fields\": [\"Category\"]}}]"}}, {"model": "admin.logentry", "pk": 30, "fields": {"action_time": "2022-06-22T12:57:05.734Z", "user": 7, "content_type": 7, "object_id": "9", "object_repr": "Redmi Note 7", "action_flag": 3, "change_message": ""}}, {"model": "admin.logentry", "pk": 31, "fields": {"action_time": "2022-06-22T13:02:21.041Z", "user": 7, "content_type": 7, "object_id": "11", "object_repr": "SAMSUNG Galaxy Z Flip 3 5G Cell Phone, Factory Unlocked Android Smartphone, 128GB, Flex Mode, Super Steady Camera, Ultra Compact, US Version, Cream", "action_flag": 2, "change_message": "[{\"changed\": {\"fields\": [\"Description\", \"Price\"]}}]"}}, {"model": "admin.logentry", "pk": 32, "fields": {"action_time": "2022-06-22T13:05:58.164Z", "user": 7, "content_type": 7, "object_id": "7", "object_repr": "Logitech G-Series Gaming Mouse", "action_flag": 2, "change_message": "[{\"changed\": {\"fields\": [\"Category\"]}}]"}}, {"model": "admin.logentry", "pk": 33, "fields": {"action_time": "2022-07-22T20:53:10.494Z", "user": 7, "content_type": 4, "object_id": "7", "object_repr": "admin@gmail.com", "action_flag": 2, "change_message": "[{\"changed\": {\"fields\": [\"Email address\"]}}]"}}, {"model": "admin.logentry", "pk": 34, "fields": {"action_time": "2022-07-22T21:06:27.395Z", "user": 7, "content_type": 4, "object_id": "9", "object_repr": "Sample", "action_flag": 1, "change_message": "[{\"added\": {}}]"}}, {"model": "admin.logentry", "pk": 35, "fields": {"action_time": "2022-07-22T21:06:45.128Z", "user": 7, "content_type": 4, "object_id": "9", "object_repr": "pulak@gmail.com", "action_flag": 2, "change_message": "[{\"changed\": {\"fields\": [\"Email address\"]}}]"}}, {"model": "auth.permission", "pk": 1, "fields": {"name": "Can add log entry", "content_type": 1, "codename": "add_logentry"}}, {"model": "auth.permission", "pk": 2, "fields": {"name": "Can change log entry", "content_type": 1, "codename": "change_logentry"}}, {"model": "auth.permission", "pk": 3, "fields": {"name": "Can delete log entry", "content_type": 1, "codename": "delete_logentry"}}, {"model": "auth.permission", "pk": 4, "fields": {"name": "Can view log entry", "content_type": 1, "codename": "view_logentry"}}, {"model": "auth.permission", "pk": 5, "fields": {"name": "Can add permission", "content_type": 2, "codename": "add_permission"}}, {"model": "auth.permission", "pk": 6, "fields": {"name": "Can change permission", "content_type": 2, "codename": "change_permission"}}, {"model": "auth.permission", "pk": 7, "fields": {"name": "Can delete permission", "content_type": 2, "codename": "delete_permission"}}, {"model": "auth.permission", "pk": 8, "fields": {"name": "Can view permission", "content_type": 2, "codename": "view_permission"}}, {"model": "auth.permission", "pk": 9, "fields": {"name": "Can add group", "content_type": 3, "codename": "add_group"}}, {"model": "auth.permission", "pk": 10, "fields": {"name": "Can change group", "content_type": 3, "codename": "change_group"}}, {"model": "auth.permission", "pk": 11, "fields": {"name": "Can delete group", "content_type": 3, "codename": "delete_group"}}, {"model": "auth.permission", "pk": 12, "fields": {"name": "Can view group", "content_type": 3, "codename": "view_group"}}, {"model": "auth.permission", "pk": 13, "fields": {"name": "Can add user", "content_type": 4, "codename": "add_user"}}, {"model": "auth.permission", "pk": 14, "fields": {"name": "Can change user", "content_type": 4, "codename": "change_user"}}, {"model": "auth.permission", "pk": 15, "fields": {"name": "Can delete user", "content_type": 4, "codename": "delete_user"}}, {"model": "auth.permission", "pk": 16, "fields": {"name": "Can view user", "content_type": 4, "codename": "view_user"}}, {"model": "auth.permission", "pk": 17, "fields": {"name": "Can add content type", "content_type": 5, "codename": "add_contenttype"}}, {"model": "auth.permission", "pk": 18, "fields": {"name": "Can change content type", "content_type": 5, "codename": "change_contenttype"}}, {"model": "auth.permission", "pk": 19, "fields": {"name": "Can delete content type", "content_type": 5, "codename": "delete_contenttype"}}, {"model": "auth.permission", "pk": 20, "fields": {"name": "Can view content type", "content_type": 5, "codename": "view_contenttype"}}, {"model": "auth.permission", "pk": 21, "fields": {"name": "Can add session", "content_type": 6, "codename": "add_session"}}, {"model": "auth.permission", "pk": 22, "fields": {"name": "Can change session", "content_type": 6, "codename": "change_session"}}, {"model": "auth.permission", "pk": 23, "fields": {"name": "Can delete session", "content_type": 6, "codename": "delete_session"}}, {"model": "auth.permission", "pk": 24, "fields": {"name": "Can view session", "content_type": 6, "codename": "view_session"}}, {"model": "auth.permission", "pk": 25, "fields": {"name": "Can add product", "content_type": 7, "codename": "add_product"}}, {"model": "auth.permission", "pk": 26, "fields": {"name": "Can change product", "content_type": 7, "codename": "change_product"}}, {"model": "auth.permission", "pk": 27, "fields": {"name": "Can delete product", "content_type": 7, "codename": "delete_product"}}, {"model": "auth.permission", "pk": 28, "fields": {"name": "Can view product", "content_type": 7, "codename": "view_product"}}, {"model": "auth.permission", "pk": 29, "fields": {"name": "Can add review", "content_type": 8, "codename": "add_review"}}, {"model": "auth.permission", "pk": 30, "fields": {"name": "Can change review", "content_type": 8, "codename": "change_review"}}, {"model": "auth.permission", "pk": 31, "fields": {"name": "Can delete review", "content_type": 8, "codename": "delete_review"}}, {"model": "auth.permission", "pk": 32, "fields": {"name": "Can view review", "content_type": 8, "codename": "view_review"}}, {"model": "auth.permission", "pk": 33, "fields": {"name": "Can add order", "content_type": 9, "codename": "add_order"}}, {"model": "auth.permission", "pk": 34, "fields": {"name": "Can change order", "content_type": 9, "codename": "change_order"}}, {"model": "auth.permission", "pk": 35, "fields": {"name": "Can delete order", "content_type": 9, "codename": "delete_order"}}, {"model": "auth.permission", "pk": 36, "fields": {"name": "Can view order", "content_type": 9, "codename": "view_order"}}, {"model": "auth.permission", "pk": 37, "fields": {"name": "Can add shipping address", "content_type": 10, "codename": "add_shippingaddress"}}, {"model": "auth.permission", "pk": 38, "fields": {"name": "Can change shipping address", "content_type": 10, "codename": "change_shippingaddress"}}, {"model": "auth.permission", "pk": 39, "fields": {"name": "Can delete shipping address", "content_type": 10, "codename": "delete_shippingaddress"}}, {"model": "auth.permission", "pk": 40, "fields": {"name": "Can view shipping address", "content_type": 10, "codename": "view_shippingaddress"}}, {"model": "auth.permission", "pk": 41, "fields": {"name": "Can add order item", "content_type": 11, "codename": "add_orderitem"}}, {"model": "auth.permission", "pk": 42, "fields": {"name": "Can change order item", "content_type": 11, "codename": "change_orderitem"}}, {"model": "auth.permission", "pk": 43, "fields": {"name": "Can delete order item", "content_type": 11, "codename": "delete_orderitem"}}, {"model": "auth.permission", "pk": 44, "fields": {"name": "Can view order item", "content_type": 11, "codename": "view_orderitem"}}, {"model": "auth.group", "pk": 1, "fields": {"name": "UserProofile", "permissions": [1, 2, 3, 4, 9, 10, 11, 12, 5, 6, 7, 8, 13, 14, 15, 16, 33, 34, 35, 36, 41, 42, 43, 44, 25, 26, 27, 28, 29, 30, 31, 32, 37, 38, 39, 40, 17, 18, 19, 20, 21, 22, 23, 24]}}, {"model": "auth.user", "pk": 1, "fields": {"password": "pbkdf2_sha256$320000$7hq1nnyp9hj4pJ6syp34DL$G5qz+7q939LzmM32LpgqduVkHz0F8s2PTM0TgR0I7OA=", "last_login": "2022-06-08T19:43:59Z", "is_superuser": false, "username": "pulak@email.com11", "first_name": "Pulak Tandon", "last_name": "", "email": "pulak@email.com11", "is_staff": false, "is_active": true, "date_joined": "2022-05-23T14:57:44Z", "groups": [], "user_permissions": []}}, {"model": "auth.user", "pk": 2, "fields": {"password": "pbkdf2_sha256$320000$CzmFjRuCdxoNwHTURVIJ6i$ye6HQ9fEoIoP/c6x5TyfNBEVm1iWC1N8HSpYWIhyXXI=", "last_login": null, "is_superuser": false, "username": "Jayati", "first_name": "Jayati", "last_name": "Dixit", "email": "jayatidixit15@gmail.com", "is_staff": false, "is_active": true, "date_joined": "2022-06-09T10:42:40Z", "groups": [1], "user_permissions": [33, 34, 35, 36, 41, 42, 43, 44, 25, 26, 27, 28, 29, 30, 31, 32, 37, 38, 39, 40, 17, 18, 19, 20]}}, {"model": "auth.user", "pk": 3, "fields": {"password": "pbkdf2_sha256$320000$yA1g0s1dj6b5cNJUYCcNQ6$nKLPcQNI+fqn93ogJnFQjSYDZ7n/VglYjNkWWT2qfP4=", "last_login": null, "is_superuser": false, "username": "pulak@email.com", "first_name": "Pulak", "last_name": "", "email": "pulak@email.com", "is_staff": false, "is_active": true, "date_joined": "2022-06-09T19:56:17.303Z", "groups": [], "user_permissions": []}}, {"model": "auth.user", "pk": 4, "fields": {"password": "pbkdf2_sha256$320000$nW1OAKZKqD8VsLk71YiYnn$BI/i9qvYu+a2YwWr5FevmWwEuTrayk7+PCAhdYQZ48Y=", "last_login": null, "is_superuser": false, "username": "pulak@email.com1", "first_name": "Pulak", "last_name": "", "email": "pulak@email.com1", "is_staff": false, "is_active": true, "date_joined": "2022-06-09T20:12:27.446Z", "groups": [], "user_permissions": []}}, {"model": "auth.user", "pk": 7, "fields": {"password": "pbkdf2_sha256$320000$zs96FUvhs3dSzHMfcbY4E8$m0KtWrL7ScRmbUOBcsrmpgcjYdRVae+tN9HuoZ8SCcM=", "last_login": "2022-07-22T20:52:17Z", "is_superuser": true, "username": "admin@gmail.com", "first_name": "", "last_name": "", "email": "admin@gmail.com", "is_staff": true, "is_active": true, "date_joined": "2022-06-11T10:14:43Z", "groups": [], "user_permissions": []}}, {"model": "auth.user", "pk": 9, "fields": {"password": "pbkdf2_sha256$320000$oVjMtHNN26gIkv4Fkk1xRr$4cIsCADXn6p2YjuxU6LFYrySi/XbI0S+4QSFCqUZ/7c=", "last_login": null, "is_superuser": false, "username": "pulak@gmail.com", "first_name": "", "last_name": "", "email": "pulak@gmail.com", "is_staff": false, "is_active": true, "date_joined": "2022-07-22T21:06:27Z", "groups": [], "user_permissions": []}}, {"model": "auth.user", "pk": 10, "fields": {"password": "pbkdf2_sha256$320000$sPOgmlYNDbocqN54KdTMvL$rWYE1/d48WH3rUOhakWjScMleTC2hEFbewlKZEe6sp8=", "last_login": "2022-08-25T21:34:11.522Z", "is_superuser": true, "username": "admin", "first_name": "", "last_name": "", "email": "", "is_staff": true, "is_active": true, "date_joined": "2022-08-25T21:33:57.338Z", "groups": [], "user_permissions": []}}, {"model": "contenttypes.contenttype", "pk": 1, "fields": {"app_label": "admin", "model": "logentry"}}, {"model": "contenttypes.contenttype", "pk": 2, "fields": {"app_label": "auth", "model": "permission"}}, {"model": "contenttypes.contenttype", "pk": 3, "fields": {"app_label": "auth", "model": "group"}}, {"model": "contenttypes.contenttype", "pk": 4, "fields": {"app_label": "auth", "model": "user"}}, {"model": "contenttypes.contenttype", "pk": 5, "fields": {"app_label": "contenttypes", "model": "contenttype"}}, {"model": "contenttypes.contenttype", "pk": 6, "fields": {"app_label": "sessions", "model": "session"}}, {"model": "contenttypes.contenttype", "pk": 7, "fields": {"app_label": "base", "model": "product"}}, {"model": "contenttypes.contenttype", "pk": 8, "fields": {"app_label": "base", "model": "review"}}, {"model": "contenttypes.contenttype", "pk": 9, "fields": {"app_label": "base", "model": "order"}}, {"model": "contenttypes.contenttype", "pk": 10, "fields": {"app_label": "base", "model": "shippingaddress"}}, {"model": "contenttypes.contenttype", "pk": 11, "fields": {"app_label": "base", "model": "orderitem"}}, {"model": "sessions.session", "pk": "6q3w9kk5f7pxu0l2cspcf1h0odq7afh8", "fields": {"session_data": ".eJxVjEEOwiAQRe_C2hAGCgWX7nsGMsOMUjVtUtqV8e7apAvd_vfef6mM21rz1mTJI6uzAnX63QjLQ6Yd8B2n26zLPK3LSHpX9EGbHmaW5-Vw_w4qtvqtk4kFDKcugAPxxgXvhWJIVwrYSU_OITFbAYmlJzToU7QFLIAXBq_eH81fN5I:1ntWC6:-LRVeCCAHXUE-GUSUdilWuetT9faCG4RO16QdwSQri8", "expire_date": "2022-06-07T15:11:34.445Z"}}, {"model": "sessions.session", "pk": "bppwnrk1c8wiiu0td5ln8jvpn1b8q2qg", "fields": {"session_data": ".eJxVjEEOwiAQRe_C2hCEQQaX7j1DM3QYqRpISrsy3l2bdKHb_977LzXQupRh7XkeJlZnFdThd0s0PnLdAN-p3poeW13mKelN0Tvt-to4Py-7-3dQqJdvbUNM4LJHI9aAOBM4ADIBeneShNYSE3rMAkLG2mgcu6N49BCZXFLvD8ilN04:1o3ymF:CjKNkx0pyQDt4FhXcTnVNYIsV_K1g_JdS-h5b8HiO0g", "expire_date": "2022-07-06T11:44:07.455Z"}}, {"model": "sessions.session", "pk": "f3c46oliehodghm256f3r9pjp8g3s8q7", "fields": {"session_data": ".eJxVjEEOwiAQRe_C2hAGCgWX7nsGMsOMUjVtUtqV8e7apAvd_vfef6mM21rz1mTJI6uzAnX63QjLQ6Yd8B2n26zLPK3LSHpX9EGbHmaW5-Vw_w4qtvqtk4kFDKcugAPxxgXvhWJIVwrYSU_OITFbAYmlJzToU7QFLIAXBq_eH81fN5I:1nz1ax:VDsXKy03t_yH6B1-OMWcUCpoUQvV6K6RH4hh3AG8QRQ", "expire_date": "2022-06-22T19:43:59.893Z"}}, {"model": "sessions.session", "pk": "uz53887x1i564jicffzw1kkypx63hyqc", "fields": {"session_data": ".eJxVjDsOwjAQBe_iGln-Z0NJnzNYa6-NA8iW4qRC3J1ESgHtzLz3Zh63tfitp8XPxK5MCnb5hQHjM9XD0APrvfHY6rrMgR8JP23nU6P0up3t30HBXvb1CANQltFoa4OF7FI0zgoBjiQpRIKMoLTSwuYYshp2PGY0YIQxkpB9vv7fOAQ:1oRKUN:S0MtcSI_QXDs9DztVdkZBa7t1TN46o9lYGjrHN9CdQA", "expire_date": "2022-09-08T21:34:11.726Z"}}, {"model": "sessions.session", "pk": "w3s6h14mjh3pf90u6euvkjqusp9wmj9z", "fields": {"session_data": ".eJxVjEEOwiAQRe_C2hCEQQaX7j1DM3QYqRpISrsy3l2bdKHb_977LzXQupRh7XkeJlZnFdThd0s0PnLdAN-p3poeW13mKelN0Tvt-to4Py-7-3dQqJdvbUNM4LJHI9aAOBM4ADIBeneShNYSE3rMAkLG2mgcu6N49BCZXFLvD8ilN04:1nzy9V:-QsQxTIWNF-tGCQn1dnxpeAtguVwva7nvSVnN8if2YY", "expire_date": "2022-06-25T10:15:33.283Z"}}, {"model": "sessions.session", "pk": "wstid00txh4mjtyus8s6e14rh2flwbrp", "fields": {"session_data": ".eJxVjEEOwiAQRe_C2hCEQQaX7j1DM3QYqRpISrsy3l2bdKHb_977LzXQupRh7XkeJlZnFdThd0s0PnLdAN-p3poeW13mKelN0Tvt-to4Py-7-3dQqJdvbUNM4LJHI9aAOBM4ADIBeneShNYSE3rMAkLG2mgcu6N49BCZXFLvD8ilN04:1oEzdB:muO6A6vkxRdb7lFZTpe7V7Hq1lbW4dmNZ8KKRGGq8U8", "expire_date": "2022-08-05T20:52:17.328Z"}}, {"model": "base.product", "pk": 1, "fields": {"user": 1, "name": "Airpods Wireless Bluetooth Headphones", "image": "static/images/airpods.jpg", "brand": "Apple", "category": "Music", "description": "Bluetooth technology lets you connect it with compatible devices wirelessly High-quality AAC audio offers immersive listening experience Built-in microphone allows you to take calls while working", "rating": "2.00", "numReviews": 1, "price": "89.99", "countInStock": 9, "createdAt": "2022-05-23T17:54:22.045Z"}}, {"model": "base.product", "pk": 4, "fields": {"user": 7, "name": "iPhone 11 Pro 256GB Memory", "image": "static/images/phone_5nPaerM.jpg", "brand": "Apple", "category": "Smartphone", "description": "Introducing the iPhone 11 Pro. A transformative triple-camera system that adds tons of capability without complexity. An unprecedented leap in battery life", "rating": "4.00", "numReviews": 0, "price": "599.99", "countInStock": 0, "createdAt": "2022-06-20T18:00:13.368Z"}}, {"model": "base.product", "pk": 5, "fields": {"user": 7, "name": "Cannon EOS 80D DSLR Camera", "image": "static/images/camera_TDsF8ew.jpg", "brand": "Cannon", "category": "Camera", "description": "Characterized by versatile imaging specs, the Canon EOS 80D further clarifies itself using a pair of robust focusing systems and an intuitive design", "rating": "3.00", "numReviews": 1, "price": "929.99", "countInStock": 4, "createdAt": "2022-06-20T18:04:27.792Z"}}, {"model": "base.product", "pk": 6, "fields": {"user": 7, "name": "Sony Playstation 4 Pro White Version", "image": "static/images/playstation_Qh958L9.jpg", "brand": "Sony", "category": "Gaming", "description": "The ultimate home entertainment center starts with PlayStation. Whether you are into gaming, HD movies, television, music", "rating": "5.00", "numReviews": 0, "price": "399.99", "countInStock": 11, "createdAt": "2022-06-20T18:05:56.161Z"}}, {"model": "base.product", "pk": 7, "fields": {"user": 7, "name": "Logitech G-Series Gaming Mouse", "image": "static/images/mouse_weiyGJm.jpg", "brand": "Logitech", "category": "Gaming", "description": "Get a better handle on your games with this Logitech LIGHTSYNC gaming mouse. The six programmable buttons allow customization for a smooth playing experience", "rating": "3.50", "numReviews": 0, "price": "49.99", "countInStock": 7, "createdAt": "2022-06-20T18:07:54.109Z"}}, {"model": "base.product", "pk": 8, "fields": {"user": 7, "name": "Amazon Echo Dot 3rd Generation", "image": "static/images/alexa_8HZE7xQ.jpg", "brand": "Amazon", "category": "Speaker", "description": "Meet Echo Dot - Our most popular smart speaker with a fabric design. It is our most compact smart speaker that fits perfectly into small space", "rating": "4.00", "numReviews": 0, "price": "29.99", "countInStock": 0, "createdAt": "2022-06-20T18:09:17.007Z"}}, {"model": "base.product", "pk": 10, "fields": {"user": 7, "name": "Xiaomi Redmi Note 10 Lake Green 4Gb Ram 128Gb ROM", "image": "static/images/placeholder.png", "brand": "Xiaomi", "category": "Smartphone", "description": "4G LTE Bands: 1, 2, 3, 4, 5, 7, 8, 20, 28, 38, 40, 41 | GSM Only\n6.43 inch Super AMOLED, 450 nits (typ), 1100 nits (peak) | Corning Gorilla Glass 3\n48 MP, f/1.8, 26mm (wide), 1/2.0\", 0.8µm, PDAF | 8 MP, f/2.2, 118˚ (ultrawide), 1/4.0\", 1.12µm | 2 MP, f/2.4, (macro) | 2 MP, f/2.4, (depth)\n128GB 4GB RAM | Qualcomm SDM678 Snapdragon 678 (11 nm) | Octa-core (2x2.2 GHz Kryo 460 Gold & 6x1.7 GHz Kryo 460 Silver\nLi-Po 5000 mAh, non-removable | Fast charging 33W, 50% in 25 min, 100% in 74 min", "rating": "0.00", "numReviews": 0, "price": "192.00", "countInStock": 10, "createdAt": "2022-06-22T12:56:23.400Z"}}, {"model": "base.product", "pk": 11, "fields": {"user": 7, "name": "SAMSUNG Galaxy Z Flip 3 5G Cell Phone, Factory Unlocked Android Smartphone, 128GB, Flex Mode, Super Steady Camera, Ultra Compact, US Version, Cream", "image": "static/images/placeholder.png", "brand": "Samsung", "category": "Smartphone", "description": "FLEX YOUR BEST ANGLE: With Flex Mode, just unfold your mobile phone’s screen to your best angle for hands-free pics and video calls; Choose what you want to capture, set it down, stand back and shoot your best shot\r\nA CAMERA THAT GOES STEADY: Thanks to Samsung Galaxy Z Flip3’s Super Steady feature, you can just set it down and strike a pose for picture perfect selfies\r\nULTRA COMPACT, ULTRA COOL: Show off your style game without the tradeoffs; With a compact design that unfolds, you don’t have to compromise screen size for your favorite outfit", "rating": "0.00", "numReviews": 0, "price": "868.00", "countInStock": 10, "createdAt": "2022-06-22T12:59:17.128Z"}}, {"model": "base.product", "pk": 12, "fields": {"user": 7, "name": "JBL CHARGE 5 - Portable Bluetooth Speaker with IP67 Waterproof and USB Charge out - Black", "image": "static/images/placeholder.png", "brand": "JBL", "category": "Speaker", "description": "JBL Pro Sound with an optimized long excursion driver, separate tweeter and dual JBL bass radiators\nLong lasting battery delivers up to 20 hours of playtime", "rating": "0.00", "numReviews": 0, "price": "179.95", "countInStock": 10, "createdAt": "2022-06-22T13:02:00.240Z"}}, {"model": "base.product", "pk": 13, "fields": {"user": 7, "name": "Meeting Owl Pro - 360-Degree, 1080p HD Smart Video Conference Camera, Microphone, and Speaker", "image": "static/images/placeholder.png", "brand": "Owl Labs", "category": "Speaker", "description": "BETTER COLLABORATION. The Meeting Owl Pro captures 360° video in 1080p HD and 360° audio up to 18’ (5.5m) and automatically focuses on whoever is speaking to foster active collaboration and increased participation. Option to pair Meeting Owl Pros using Owl Connect to support even larger conference rooms and classrooms.", "rating": "0.00", "numReviews": 0, "price": "179.95", "countInStock": 10, "createdAt": "2022-06-22T13:05:03.510Z"}}, {"model": "base.product", "pk": 14, "fields": {"user": 7, "name": "RK ROYAL KLUDGE RK61 Wired 60% Mechanical Gaming Keyboard", "image": "static/images/placeholder.png", "brand": "RK ROYAL KLUDGE", "category": "Gaming", "description": "Mini 60% Keyboard: RK61 mini 60% gaming keyboard is a ultra-compact layout with 61 keys makes you a neat desktop with your organized gears on, even folks have nothing to do with Minimalist will dive into its tiny practical design. Tips you might want to know is that keyboard without numpad is most FPS gamers' choice, more spaces left for mouse movements.", "rating": "0.00", "numReviews": 0, "price": "49.89", "countInStock": 10, "createdAt": "2022-06-22T13:08:18.302Z"}}, {"model": "base.product", "pk": 15, "fields": {"user": 7, "name": "S*MAX Gaming Chair", "image": "static/images/placeholder.png", "brand": "S*MAX", "category": "Gaming", "description": "[Ergonomic Design]: S*MAX gaming chair designed with Widen Seat, 4D Armrests,Thicker Headrest and Lumbar Support will give your body all-round support. Protect your spine and lumbar with ergonomic back. You can enjoy a long time gaming or working using this game chair.", "rating": "0.00", "numReviews": 0, "price": "239.99", "countInStock": 10, "createdAt": "2022-06-22T13:10:23.739Z"}}, {"model": "base.product", "pk": 16, "fields": {"user": 7, "name": "Nikon D3500 DSLR Camera", "image": "static/images/placeholder.png", "brand": "Nikon", "category": "Camera", "description": "24.2 Megapixels DX-Format CMOS Image Sensor | EXPEED Image Processing System | Image sensor in the D3500 is approximately 15x larger than those used in typical smartphones for sharper, clearer photos with richer details", "rating": "0.00", "numReviews": 0, "price": "899.99", "countInStock": 10, "createdAt": "2022-06-22T13:12:47.828Z"}}, {"model": "base.product", "pk": 17, "fields": {"user": 7, "name": "KODAK PIXPRO Astro Zoom AZ421-BK 16MP Digital Camera", "image": "static/images/placeholder.png", "brand": "Kodak", "category": "Camera", "description": "Powerful 16. 1-Megapixel CCD sensor gives you room to enlarge, zoom and crop to your heart's content without losing out on life-like clarity or quality.", "rating": "0.00", "numReviews": 0, "price": "174.01", "countInStock": 10, "createdAt": "2022-06-22T13:14:42.535Z"}}, {"model": "base.product", "pk": 18, "fields": {"user": 7, "name": "V-MODA Crossfade LP2 Vocal", "image": "static/images/placeholder.png", "brand": "V-MODA", "category": "Music", "description": "50mm Dual-Diaphragm Drivers - inner & outer rings deliver vibrant bass, vivid mids & vivacious highs without overlap.Connectivity Technology: Wired", "rating": "0.00", "numReviews": 0, "price": "149.99", "countInStock": 10, "createdAt": "2022-06-22T13:16:37.787Z"}}, {"model": "base.product", "pk": 19, "fields": {"user": 7, "name": "Amazon Basics In-Ear Wired Headphones", "image": "static/images/placeholder.png", "brand": "Amazon Basics", "category": "Music", "description": "Black headphones with comfortable in-ear design and 3.5mm gold-plated plug", "rating": "0.00", "numReviews": 0, "price": "9.74", "countInStock": 10, "createdAt": "2022-06-22T13:19:26.897Z"}}, {"model": "base.product", "pk": 20, "fields": {"user": 7, "name": "Redzoo Neckband Headphones", "image": "static/images/placeholder.png", "brand": "Redzoo", "category": "Music", "description": "Crystal-clear Calls and HD Stereo Sound. These neckband Bluetooth headphones with surrounding noise cancelling technology allow you to enjoy crystal-clear calls when you are working from home, commuting or in the office. Thanks to its calls vibration notification feature, you will never miss any call. This wireless headset offers the premium expertly-tuned sound with high definition stereo bass with the aid of the advanced chip, 8mm large drivers, and Bass+ technology", "rating": "0.00", "numReviews": 0, "price": "32.98", "countInStock": 10, "createdAt": "2022-06-22T13:21:48.513Z"}}, {"model": "base.review", "pk": 1, "fields": {"product": 1, "name": "", "user": 7, "rating": "2.00", "comment": "Good!!", "createdAt": "2022-06-13T18:10:52.251Z"}}, {"model": "base.review", "pk": 2, "fields": {"product": 5, "name": "", "user": 9, "rating": "3.00", "comment": "Good", "createdAt": "2022-07-22T21:08:16.202Z"}}, {"model": "base.order", "pk": 1, "fields": {"user": null, "paymentMethod": null, "taxPrice": "20.00", "shippingPrice": "2.00", "totalPrice": "22.00", "isPaid": true, "paidAt": "2022-06-11T14:53:45.757Z", "isDelivered": true, "deliveredAt": "2022-07-23T02:31:56.837Z", "createdAt": "2022-06-10T20:23:59.364Z"}}, {"model": "base.order", "pk": 2, "fields": {"user": null, "paymentMethod": "PayPal", "taxPrice": "91.02", "shippingPrice": "0.00", "totalPrice": "1200.99", "isPaid": false, "paidAt": null, "isDelivered": false, "deliveredAt": null, "createdAt": "2022-07-22T19:34:52.673Z"}}, {"model": "base.order", "pk": 3, "fields": {"user": null, "paymentMethod": "PayPal", "taxPrice": "83.64", "shippingPrice": "0.00", "totalPrice": "1103.62", "isPaid": false, "paidAt": null, "isDelivered": false, "deliveredAt": null, "createdAt": "2022-07-22T20:25:05.041Z"}}, {"model": "base.order", "pk": 4, "fields": {"user": null, "paymentMethod": "PayPal", "taxPrice": "83.64", "shippingPrice": "0.00", "totalPrice": "1103.62", "isPaid": false, "paidAt": null, "isDelivered": false, "deliveredAt": null, "createdAt": "2022-07-22T20:30:51.102Z"}}, {"model": "base.order", "pk": 5, "fields": {"user": null, "paymentMethod": "PayPal", "taxPrice": "83.64", "shippingPrice": "0.00", "totalPrice": "1103.62", "isPaid": false, "paidAt": null, "isDelivered": false, "deliveredAt": null, "createdAt": "2022-07-22T20:30:54.342Z"}}, {"model": "base.order", "pk": 6, "fields": {"user": null, "paymentMethod": "PayPal", "taxPrice": "83.64", "shippingPrice": "0.00", "totalPrice": "1103.62", "isPaid": true, "paidAt": "2022-07-23T02:07:30.597Z", "isDelivered": false, "deliveredAt": null, "createdAt": "2022-07-22T20:33:27.035Z"}}, {"model": "base.order", "pk": 7, "fields": {"user": 9, "paymentMethod": "PayPal", "taxPrice": "76.26", "shippingPrice": "0.00", "totalPrice": "1006.25", "isPaid": true, "paidAt": "2022-07-23T02:39:27.531Z", "isDelivered": true, "deliveredAt": "2022-07-23T02:40:28.819Z", "createdAt": "2022-07-22T21:08:40.265Z"}}, {"model": "base.orderitem", "pk": 1, "fields": {"product": 1, "order": 6, "name": "Airpods Wireless Bluetooth Headphones", "qty": 1, "price": "89.99", "image": "/images/static/images/airpods.jpg"}}, {"model": "base.orderitem", "pk": 2, "fields": {"product": 5, "order": 7, "name": "Cannon EOS 80D DSLR Camera", "qty": 1, "price": "929.99", "image": "/images/static/images/camera_TDsF8ew.jpg"}}, {"model": "base.shippingaddress", "pk": 1, "fields": {"order": 2, "address": "D-1/351 Sec-F Jankipuram Lucknow, D", "city": "Lucknow", "postalCode": "226021", "country": "India", "shippingPrice": "0.00"}}, {"model": "base.shippingaddress", "pk": 2, "fields": {"order": 3, "address": "D-1/351 Sec-F Jankipuram Lucknow, D", "city": "Lucknow", "postalCode": "226021", "country": "India", "shippingPrice": "0.00"}}, {"model": "base.shippingaddress", "pk": 3, "fields": {"order": 4, "address": "D-1/351 Sec-F Jankipuram Lucknow, D", "city": "Lucknow", "postalCode": "226021", "country": "India", "shippingPrice": "0.00"}}, {"model": "base.shippingaddress", "pk": 4, "fields": {"order": 5, "address": "D-1/351 Sec-F Jankipuram Lucknow, D", "city": "Lucknow", "postalCode": "226021", "country": "India", "shippingPrice": "0.00"}}, {"model": "base.shippingaddress", "pk": 5, "fields": {"order": 6, "address": "D-1/351 Sec-F Jankipuram Lucknow, D", "city": "Lucknow", "postalCode": "226021", "country": "India", "shippingPrice": "0.00"}}, {"model": "base.shippingaddress", "pk": 6, "fields": {"order": 7, "address": "D-1/351 Sec-F Jankipuram Lucknow, D", "city": "Lucknow", "postalCode": "226021", "country": "India", "shippingPrice": "0.00"}}]